{"f_12": "Department.Of.Labor.Cleaned.High.Value", "f_6": "Effective.Minimum.Wage", "f_1": "State", "f_8": "CPI.Average", "f_2": "State.Minimum.Wage", "f_11": "Department.Of.Labor.Cleaned.Low.Value.2020.Dollars", "f_4": "Federal.Minimum.Wage", "f_9": "Department.Of.Labor.Uncleaned.Data", "f_5": "Federal.Minimum.Wage.2020.Dollars", "f_14": "Footnote", "f_13": "Department.Of.Labor.Cleaned.High.Value.2020.Dollars", "f_7": "Effective.Minimum.Wage.2020.Dollars", "f_3": "State.Minimum.Wage.2020.Dollars", "f_10": "Department.Of.Labor.Cleaned.Low.Value", "f_0": "Year"}