{"schema_version": "10.0.0", "ft_version": "1.31.0", "entityset": {"schema_version": "9.0.0", "id": "entityset", "dataframes": {"c8d27d43-fed2-4994-ac86-e591639be645": {"schema_version": "12.0.0", "name": "c8d27d43-fed2-4994-ac86-e591639be645", "index": "73560a7a-586c-4817-a926-09c6083e1b70", "time_index": null, "column_typing_info": [{"name": "73560a7a-586c-4817-a926-09c6083e1b70", "ordinal": 0, "use_standard_tags": true, "logical_type": {"parameters": {}, "type": "Integer"}, "physical_type": {"type": "int64"}, "semantic_tags": ["index"], "description": null, "origin": null, "metadata": {"dataframe_name": "c8d27d43-fed2-4994-ac86-e591639be645", "entityset_id": "entityset"}}, {"name": "f_0", "ordinal": 1, "use_standard_tags": true, "logical_type": {"parameters": {}, "type": "IntegerNullable"}, "physical_type": {"type": "Int64"}, "semantic_tags": ["numeric"], "description": null, "origin": null, "metadata": {"dataframe_name": "c8d27d43-fed2-4994-ac86-e591639be645", "entityset_id": "entityset"}}, {"name": "f_1", "ordinal": 2, "use_standard_tags": true, "logical_type": {"parameters": {}, "type": "Categorical"}, "physical_type": {"type": "category", "cat_values": ["Alabama", "Alaska", "Arizona", "Arkansas", "California", "Colorado", "Connecticut", "Delaware", "District of Columbia", "Florida", "Georgia", "Guam", "Hawaii", "Idaho", "Illinois", "Indiana", "Iowa", "Kansas", "Kentucky", "Louisiana", "Maine", "Maryland", "Massachusetts", "Michigan", "Minnesota", "Mississippi", "Missouri", "Montana", "Nebraska", "Nevada", "New Hampshire", "New Jersey", "New Mexico", "New York", "North Carolina", "North Dakota", "Ohio", "Oklahoma", "Oregon", "Pennsylvania", "Puerto Rico", "Rhode Island", "South Carolina", "South Dakota", "Tennessee", "Texas", "U.S. Virgin Islands", "Utah", "Vermont", "Virginia", "Washington", "West Virginia", "Wisconsin", "Wyoming"], "cat_dtype": "object"}, "semantic_tags": ["category"], "description": null, "origin": null, "metadata": {"dataframe_name": "c8d27d43-fed2-4994-ac86-e591639be645", "entityset_id": "entityset"}}, {"name": "f_2", "ordinal": 3, "use_standard_tags": true, "logical_type": {"parameters": {}, "type": "Double"}, "physical_type": {"type": "float64"}, "semantic_tags": ["numeric"], "description": null, "origin": null, "metadata": {"dataframe_name": "c8d27d43-fed2-4994-ac86-e591639be645", "entityset_id": "entityset"}}, {"name": "f_3", "ordinal": 4, "use_standard_tags": true, "logical_type": {"parameters": {}, "type": "Double"}, "physical_type": {"type": "float64"}, "semantic_tags": ["numeric"], "description": null, "origin": null, "metadata": {"dataframe_name": "c8d27d43-fed2-4994-ac86-e591639be645", "entityset_id": "entityset"}}, {"name": "f_4", "ordinal": 5, "use_standard_tags": true, "logical_type": {"parameters": {}, "type": "Double"}, "physical_type": {"type": "float64"}, "semantic_tags": ["numeric"], "description": null, "origin": null, "metadata": {"dataframe_name": "c8d27d43-fed2-4994-ac86-e591639be645", "entityset_id": "entityset"}}, {"name": "f_5", "ordinal": 6, "use_standard_tags": true, "logical_type": {"parameters": {}, "type": "Double"}, "physical_type": {"type": "float64"}, "semantic_tags": ["numeric"], "description": null, "origin": null, "metadata": {"dataframe_name": "c8d27d43-fed2-4994-ac86-e591639be645", "entityset_id": "entityset"}}, {"name": "f_6", "ordinal": 7, "use_standard_tags": true, "logical_type": {"parameters": {}, "type": "Double"}, "physical_type": {"type": "float64"}, "semantic_tags": ["numeric"], "description": null, "origin": null, "metadata": {"dataframe_name": "c8d27d43-fed2-4994-ac86-e591639be645", "entityset_id": "entityset"}}, {"name": "f_7", "ordinal": 8, "use_standard_tags": true, "logical_type": {"parameters": {}, "type": "Double"}, "physical_type": {"type": "float64"}, "semantic_tags": ["numeric"], "description": null, "origin": null, "metadata": {"dataframe_name": "c8d27d43-fed2-4994-ac86-e591639be645", "entityset_id": "entityset"}}, {"name": "f_8", "ordinal": 9, "use_standard_tags": true, "logical_type": {"parameters": {}, "type": "Double"}, "physical_type": {"type": "float64"}, "semantic_tags": ["numeric"], "description": null, "origin": null, "metadata": {"dataframe_name": "c8d27d43-fed2-4994-ac86-e591639be645", "entityset_id": "entityset"}}, {"name": "f_9", "ordinal": 10, "use_standard_tags": true, "logical_type": {"parameters": {}, "type": "Categorical"}, "physical_type": {"type": "category", "cat_values": ["...", ".43 - 1.60", ".65 - .75(b)", ".65 - 1.60", ".70 - 1.15(b)", ".75 - 1.25(b)", ".75 - 1.60", ".76 - 2.50", "1", "1.00 & 1.15", "1.00 - 1.15(b)", "1.00 - 1.25", "1.00 - 1.25(b)", "1.00 - 1.45", "1.1", "1.15", "1.15 - 1.40", "1.2", "1.20 - 1.35(b)", "1.20 - 2.50", "1.20 - 3.10", "1.20 - 3.35", "1.20 - 4.25(i)", "1.20 - 4.75(i)", "1.20 - 5.15(i)", "1.23", "1.25", "1.25 (b)", "1.25 - 1.40", "1.25/day(b)", "1.25`", "1.3", "1.30 (b)", "1.30 - 1.60", "1.4", "1.40 - 1.80", "1.45", "1.45 & 1.60", "1.45 (b)", "1.5", "1.55 - 1.70(b)", "1.6", "1.60 - 2.00", "1.60 - 2.25", "1.65(b)", "1.75", "1.8", "1.85", "1.9", "10", "10.00(e)", "10.1", "10.19", "10.2", "10.4", "10.5", "10.50(e)", "10.50(j)", "10.75", "10.96(e)", "11", "11.25", "11.5", "11.8", "12", "12.75", "13", "13.25", "13.5", "14", "17.00 - 20.00/wk", "18.72 - 26.40/wk(b)", "18.72-26.40/wk(b)", "2", "2.00 - 2.30", "2.00 - 5.15", "2.00 - 5.15(g)", "2.00-5.15(g)", "2.00-5.85(g)", "2.00-6.55(g)", "2.00-7.25(g)", "2.1", "2.10 - 2.30", "2.15", "2.2", "2.20 & 2.30", "2.20 - 2.30", "2.20 - 2.45(b)", "2.21 & 2.31", "2.25 - 2.75", "2.3", "2.35", "2.35 - 2.60(b)", "2.4", "2.46 - 3.00", "2.5", "2.50 - 2.75(b)", "2.50 - 3.50", "2.50 - 3.75", "2.55", "2.60 - 3.10", "2.65", "2.7", "2.75", "2.8", "2.80 - 3.10", "2.80 - 4.25(g)", "2.9", "2.91", "3", "3.1", "3.12", "3.25", "3.25(d)", "3.35", "3.35(e)", "3.37", "3.4", "3.50 - 4.85", "3.55", "3.55 & 3.50(f)", "3.6", "3.61 - 5.15(i)", "3.61-5.15(i)", "3.65", "3.70 - 4.85", "3.75", "3.8", "3.80(g)", "3.85", "3.90 - 5.45", "4..65(g,,j)", "4.00 - 5.15", "4.00 - 5.15(g)", "4.00-6.15(g)", "4.00-6.25(g)", "4.00-6.90(g)", "4.00-7.25(g)", "4.00-7.35(g)", "4.00-7.65(g)", "4.00-7.80(g)", "4.10(i)", "4.25", "4.25 (d)", "4.25(g)", "4.25[c]", "4.27", "4.3", "4.30 - 4.65 (g)", "4.30 - 4.65(g,j)", "4.30-6.15(g,j)", "4.30-6.15(j)", "4.30-7.25(j)", "4.45", "4.65", "4.65(g)", "4.65(g, j)", "4.75", "4.75 (d)", "4.75(e)", "4.75(g)", "4.75[c]", "4.77", "4.9", "4.90 - 5.15(g)", "5", "5.00(e)", "5.05", "5.08 \u0096 7.25 (i2)", "5.08-7.25(i)", "5.15", "5.15 [c]", "5.15(d)", "5.15(e)", "5.15(g)", "5.15[c]", "5.18", "5.25", "5.25 (h)", "5.25 - 6.15(g)", "5.25(e)", "5.25-6.15(g)", "5.5", "5.50[c]", "5.65", "5.7", "5.75", "5.75(e)", "5.85", "5.85(e)", "5.85[c]", "6", "6.15", "6.25", "6.25(e)", "6.25[c]", "6.33", "6.35", "6.4", "6.5", "6.50-8.00(g)", "6.50[c]", "6.55", "6.55(e)", "6.55-6.85", "6.55-7.55", "6.55[c]", "6.55[c] ", "6.6", "6.65", "6.67", "6.7", "6.72", "6.75", "6.75(e)", "6.79", "6.85", "6.9", "6.95(e)", "7", "7.00(e)", "7.01", "7.02", "7.05", "7.1", "7.15", "7.15(e)", "7.16", "7.21", "7.24", "7.25", "7.25(e)", "7.25-7.95", "7.25-8.10", "7.25-8.25", "7.25-9.00(g)", "7.25-9.50(g)", "7.25[c]", "7.28", "7.3", "7.35", "7.36", "7.4", "7.40(e)", "7.5", "7.50[c]", "7.53(e) ", "7.55", "7.63", "7.64", "7.65", "7.67", "7.68(e)", "7.7", "7.75", "7.75-9.50(g)", "7.75[c]", "7.78", "7.79", "7.8", "7.85", "7.9", "7.90(g)", "7.93", "7.95", "8", "8.00[c]", "8.04-9.86(g)", "8.05", "8.05(g)", "8.06(e)", "8.07", "8.1", "8.15", "8.15(e)", "8.15(g)", "8.15-10.00(g)", "8.23", "8.25", "8.25[c]", "8.3", "8.30(g)", "8.31", "8.38", "8.4", "8.44", "8.46(e)", "8.5", "8.50(e)", "8.50[c]", "8.55", "8.56", "8.6", "8.60(e)", "8.65", "8.65(g)", "8.67", "8.7", "8.73(e)", "8.75", "8.8", "8.85", "8.90(e)", "8.95", "9", "9.00[c]", "9.04", "9.1", "9.15", "9.15(e)", "9.19", "9.25", "9.25(e)", "9.25[c]", "9.3", "9.32", "9.45", "9.47", "9.5", "9.6", "9.60(e)", "9.65(e)", "9.7", "9.75", "9.8", "9.84"], "cat_dtype": "object"}, "semantic_tags": ["category"], "description": null, "origin": null, "metadata": {"dataframe_name": "c8d27d43-fed2-4994-ac86-e591639be645", "entityset_id": "entityset"}}, {"name": "f_10", "ordinal": 11, "use_standard_tags": true, "logical_type": {"parameters": {}, "type": "Double"}, "physical_type": {"type": "float64"}, "semantic_tags": ["numeric"], "description": null, "origin": null, "metadata": {"dataframe_name": "c8d27d43-fed2-4994-ac86-e591639be645", "entityset_id": "entityset"}}, {"name": "f_11", "ordinal": 12, "use_standard_tags": true, "logical_type": {"parameters": {}, "type": "Double"}, "physical_type": {"type": "float64"}, "semantic_tags": ["numeric"], "description": null, "origin": null, "metadata": {"dataframe_name": "c8d27d43-fed2-4994-ac86-e591639be645", "entityset_id": "entityset"}}, {"name": "f_12", "ordinal": 13, "use_standard_tags": true, "logical_type": {"parameters": {}, "type": "Double"}, "physical_type": {"type": "float64"}, "semantic_tags": ["numeric"], "description": null, "origin": null, "metadata": {"dataframe_name": "c8d27d43-fed2-4994-ac86-e591639be645", "entityset_id": "entityset"}}, {"name": "f_13", "ordinal": 14, "use_standard_tags": true, "logical_type": {"parameters": {}, "type": "Double"}, "physical_type": {"type": "float64"}, "semantic_tags": ["numeric"], "description": null, "origin": null, "metadata": {"dataframe_name": "c8d27d43-fed2-4994-ac86-e591639be645", "entityset_id": "entityset"}}, {"name": "f_14", "ordinal": 15, "use_standard_tags": true, "logical_type": {"parameters": {}, "type": "Categorical"}, "physical_type": {"type": "category", "cat_values": ["(b)", "(d)", "(e)", "(f)", "(g)", "(g, j)", "(h)", "(i)", "(i2)", "(j)", "[c]"], "cat_dtype": "object"}, "semantic_tags": ["category"], "description": null, "origin": null, "metadata": {"dataframe_name": "c8d27d43-fed2-4994-ac86-e591639be645", "entityset_id": "entityset"}}], "loading_info": {"table_type": "pandas"}, "table_metadata": {"created_index": "73560a7a-586c-4817-a926-09c6083e1b70", "entityset_id": "entityset"}}}, "relationships": [], "format": null}, "feature_list": ["c8d27d43-fed2-4994-ac86-e591639be645: f_13", "c8d27d43-fed2-4994-ac86-e591639be645: f_14", "c8d27d43-fed2-4994-ac86-e591639be645: f_0", "c8d27d43-fed2-4994-ac86-e591639be645: f_11", "c8d27d43-fed2-4994-ac86-e591639be645: f_9", "c8d27d43-fed2-4994-ac86-e591639be645: f_12", "c8d27d43-fed2-4994-ac86-e591639be645: f_10", "c8d27d43-fed2-4994-ac86-e591639be645: f_8", "c8d27d43-fed2-4994-ac86-e591639be645: f_2", "c8d27d43-fed2-4994-ac86-e591639be645: f_3", "c8d27d43-fed2-4994-ac86-e591639be645: f_7", "c8d27d43-fed2-4994-ac86-e591639be645: f_6", "c8d27d43-fed2-4994-ac86-e591639be645: f_4", "c8d27d43-fed2-4994-ac86-e591639be645: f_5", "c8d27d43-fed2-4994-ac86-e591639be645: f_1"], "feature_definitions": {"c8d27d43-fed2-4994-ac86-e591639be645: f_13": {"type": "IdentityFeature", "dependencies": [], "arguments": {"name": "f_13", "column_name": "f_13", "dataframe_name": "c8d27d43-fed2-4994-ac86-e591639be645"}}, "c8d27d43-fed2-4994-ac86-e591639be645: f_14": {"type": "IdentityFeature", "dependencies": [], "arguments": {"name": "f_14", "column_name": "f_14", "dataframe_name": "c8d27d43-fed2-4994-ac86-e591639be645"}}, "c8d27d43-fed2-4994-ac86-e591639be645: f_0": {"type": "IdentityFeature", "dependencies": [], "arguments": {"name": "f_0", "column_name": "f_0", "dataframe_name": "c8d27d43-fed2-4994-ac86-e591639be645"}}, "c8d27d43-fed2-4994-ac86-e591639be645: f_11": {"type": "IdentityFeature", "dependencies": [], "arguments": {"name": "f_11", "column_name": "f_11", "dataframe_name": "c8d27d43-fed2-4994-ac86-e591639be645"}}, "c8d27d43-fed2-4994-ac86-e591639be645: f_9": {"type": "IdentityFeature", "dependencies": [], "arguments": {"name": "f_9", "column_name": "f_9", "dataframe_name": "c8d27d43-fed2-4994-ac86-e591639be645"}}, "c8d27d43-fed2-4994-ac86-e591639be645: f_12": {"type": "IdentityFeature", "dependencies": [], "arguments": {"name": "f_12", "column_name": "f_12", "dataframe_name": "c8d27d43-fed2-4994-ac86-e591639be645"}}, "c8d27d43-fed2-4994-ac86-e591639be645: f_10": {"type": "IdentityFeature", "dependencies": [], "arguments": {"name": "f_10", "column_name": "f_10", "dataframe_name": "c8d27d43-fed2-4994-ac86-e591639be645"}}, "c8d27d43-fed2-4994-ac86-e591639be645: f_8": {"type": "IdentityFeature", "dependencies": [], "arguments": {"name": "f_8", "column_name": "f_8", "dataframe_name": "c8d27d43-fed2-4994-ac86-e591639be645"}}, "c8d27d43-fed2-4994-ac86-e591639be645: f_2": {"type": "IdentityFeature", "dependencies": [], "arguments": {"name": "f_2", "column_name": "f_2", "dataframe_name": "c8d27d43-fed2-4994-ac86-e591639be645"}}, "c8d27d43-fed2-4994-ac86-e591639be645: f_3": {"type": "IdentityFeature", "dependencies": [], "arguments": {"name": "f_3", "column_name": "f_3", "dataframe_name": "c8d27d43-fed2-4994-ac86-e591639be645"}}, "c8d27d43-fed2-4994-ac86-e591639be645: f_7": {"type": "IdentityFeature", "dependencies": [], "arguments": {"name": "f_7", "column_name": "f_7", "dataframe_name": "c8d27d43-fed2-4994-ac86-e591639be645"}}, "c8d27d43-fed2-4994-ac86-e591639be645: f_6": {"type": "IdentityFeature", "dependencies": [], "arguments": {"name": "f_6", "column_name": "f_6", "dataframe_name": "c8d27d43-fed2-4994-ac86-e591639be645"}}, "c8d27d43-fed2-4994-ac86-e591639be645: f_4": {"type": "IdentityFeature", "dependencies": [], "arguments": {"name": "f_4", "column_name": "f_4", "dataframe_name": "c8d27d43-fed2-4994-ac86-e591639be645"}}, "c8d27d43-fed2-4994-ac86-e591639be645: f_5": {"type": "IdentityFeature", "dependencies": [], "arguments": {"name": "f_5", "column_name": "f_5", "dataframe_name": "c8d27d43-fed2-4994-ac86-e591639be645"}}, "c8d27d43-fed2-4994-ac86-e591639be645: f_1": {"type": "IdentityFeature", "dependencies": [], "arguments": {"name": "f_1", "column_name": "f_1", "dataframe_name": "c8d27d43-fed2-4994-ac86-e591639be645"}}}, "primitive_definitions": {}}